{"cameraMode":{"drawMode":0,"name":"Shaded","section":"Shading Mode"},"sceneLighting":true,"audioPlay":false,"sceneViewState":{"m_AlwaysRefresh":false,"showFog":true,"showSkybox":true,"showFlares":true,"showImageEffects":true,"showParticleSystems":true,"showVisualEffectGraphs":true,"m_FxEnabled":true},"in2DMode":false,"pivot":{"x":417.70001220703127,"y":0.11000001430511475,"z":419.29998779296877},"rotation":{"x":0.23630310595035554,"y":-0.7599667310714722,"z":0.38303983211517336,"w":0.46903863549232485},"size":259.06573486328127,"orthographic":false}